,,RMSE_RF,RMSE_BR,RMSE_KRR,RMSE_MLP,,PCC_RF,PCC_BR,PCC_KRR,PCC_KRL,PCC_MLP,,SCC_RF,SCC_BR,SCC_KRR,SCC_KRL,SCC_MLP,NDCG@k,NDCG_Pathway,NDCG_RF,NDCG_BR,NDCG_KRR,NDCG_KRL,NDCG
0,,1.889743344,2.123381692,1.882637084,3.537095162,,0.347476034,0.183971881,0.390927935,0.0630790516,-0.0329709342,,0.332683793,0.166020213,0.35655496,0.0386513987,-0.037134891,1,0.868119069,0.907497948,0.892424597,0.856389118,0.890113368,0.730069373
1,,1.71093857,1.873324505,1.878980787,1.968961967,,0.398242819,0.338571734,0.396636412,0.324546185,0.213023872,,0.415438892,0.378305901,0.441662827,0.341488087,0.247494769,2,0.881727963,0.903286807,0.891275776,0.855780049,0.881541953,0.740909486
2,,2.546348918,2.815617285,2.909505694,4.921396311,,0.290573985,0.168366358,0.249268746,0.204583471,0.0212322751,,0.273273478,0.15397085,0.243577311,0.192480851,0.00678526428,5,0.88691297,0.900780297,0.886106832,0.864173703,0.880304678,0.732890947
3,,3.283388454,3.549882785,3.459131411,4.686828003,,0.361342464,0.273627127,0.367892359,0.288174433,0.174057221,,0.367356331,0.259877705,0.365684126,0.256560731,0.177163218,10,0.890612021,0.899337343,0.884354287,0.869083965,0.880136353,0.746393322
4,,7.012299185,7.687665427,7.621476434,9.496871659,,0.394214657,0.259384315,0.351765316,0.280554283,0.124864223,,0.396776376,0.255675517,0.363408867,0.293233319,0.136468381,20,0.890072161,0.898697636,0.882891638,0.873042993,0.878930888,0.768284904
5,,2.153244567,2.311383259,2.347874521,2.630151157,,0.35107544,0.258903833,0.328029152,0.00155449571,0.0161951797,,0.332491509,0.246905056,0.322966166,0.00965273855,0.02739941,50,0.897113956,0.90108778,0.887360226,0.88326522,0.879984372,0.801192765
6,,1.976304725,2.219356241,2.624769673,2.726275068,,0.378754653,0.24521513,0.217479927,0.041238754,0.0932977017,,0.392473019,0.241025958,0.212190736,0.0614209629,0.110888196,,,,,,,
7,,0.635484301,0.698620186,0.752739998,0.97751273,,0.224674058,0.170909622,0.245193141,-0.241318357,0.02343076,,0.271841724,0.20504268,0.246181124,-0.265618623,0.0468135162,,,,,,,
8,,0.407430272,0.442021795,0.500992889,0.722541448,,0.391811642,0.334878591,0.323353258,0.108335185,0.193599846,,0.447426685,0.416780002,0.404114093,0.149013375,0.194934279,,,,,,,
9,,1.637826494,1.775617631,1.838131852,1.92469826,,0.313211518,0.255261023,0.316098359,0.176276053,0.0466615781,,0.289044421,0.244054569,0.293475796,0.156262075,0.040846986,,,,,,,
10,,1.489174161,1.610153671,1.731795328,7.621584985,,0.527077908,0.476131403,0.453490268,0.455344095,0.315722022,,0.471126106,0.444769711,0.463310063,0.425638154,0.321715111,,,,,,,
11,,1.288703747,1.519102349,1.495120021,1.734347012,,0.440480535,0.26397362,0.358738982,0.241921164,0.173491724,,0.426785463,0.255047652,0.344570711,0.251600358,0.162233402,,,,,,,
12,,0.689706625,0.781308151,0.775656093,1.01346403,,0.439887002,0.333996203,0.409108203,0.145487682,0.180173037,,0.431622071,0.328899463,0.409916399,0.0726628268,0.157601793,,,,,,,
13,,2.418463391,2.627981845,2.464526346,3.773387801,,0.580913767,0.461060872,0.523394052,-0.0018384721,0.194385188,,0.414060105,0.32628922,0.406617902,0.0712580292,0.111455429,,,,,,,
14,,1.247622384,1.419036467,1.332721079,1.635935524,,0.446685073,0.325419215,0.431928802,0.267978601,0.162162658,,0.426463884,0.319232276,0.429401604,0.272749514,0.172063082,,,,,,,
15,,0.936515516,1.044877547,1.217158301,2.611503044,,0.264609533,0.164393881,0.184258186,-0.062809349,0.0644918486,,0.299757537,0.180939055,0.209088072,-0.104519001,0.0812494213,,,,,,,
16,,0.843098445,0.897701539,1.035985058,1.499906475,,0.342870834,0.287503817,0.289733346,0.00583522329,0.149272617,,0.319936671,0.296820315,0.280745437,0.020167528,0.146640024,,,,,,,
17,,2.488715322,2.592631696,2.529296211,5.881738596,,0.49123384,0.432621949,0.479108175,0.138405697,0.132767352,,0.453782147,0.401483162,0.463527646,0.170709703,0.120650602,,,,,,,
18,,1.712221906,1.931737792,2.00565538,3.568439793,,0.329944209,0.184569144,0.289147806,0.0794166943,0.0411541633,,0.317880603,0.197645971,0.28084552,0.112924043,0.0536019983,,,,,,,
19,,2.281351069,2.472394294,2.7229222,9.577604116,,0.218790494,0.174171443,0.19277186,0.104313113,0.0749802147,,0.193708997,0.16433429,0.164543487,0.0599531536,0.0867996612,,,,,,,
20,,1.686943087,1.917565525,1.938302193,2.73430678,,0.40857974,0.310303468,0.368346201,0.346206743,0.0971435839,,0.372999167,0.285191244,0.342400143,0.284157604,0.108819545,,,,,,,
21,,0.493127762,0.555785714,0.659549467,2.596161635,,0.247159692,0.18752969,0.156403092,-0.0190902244,0.0918045002,,0.295918598,0.187043496,0.198998597,-0.0303589617,0.098211536,,,,,,,
22,,1.550090298,1.735727428,1.789695298,2.384206294,,0.368495315,0.220320534,0.298074561,0.275895612,-0.0222422172,,0.413534758,0.223089853,0.304653401,0.279958711,-0.00224091394,,,,,,,
23,,1.931625241,2.10880881,2.091106991,4.482072963,,0.268571887,0.178986569,0.287888366,0.205338302,-0.0223615038,,0.263830129,0.182158475,0.224839063,0.0916891595,0.0095906653,,,,,,,
24,,1.006515515,1.092615239,1.206152159,1.439560505,,0.490787102,0.443454078,0.411589125,0.405758757,0.265166074,,0.454624261,0.393168436,0.364033956,0.377121098,0.249372323,,,,,,,
25,,0.90098207,1.007086935,1.039280159,1.324081548,,0.324175243,0.213832703,0.296824536,0.21923053,0.0788062121,,0.298380516,0.192469609,0.284698596,0.210263009,0.0793679688,,,,,,,
26,,1.488954465,1.623868955,1.592266949,2.521298598,,0.365939093,0.253656116,0.344474775,0.134668955,0.0372026304,,0.322179678,0.217890347,0.305493934,0.133284512,0.0145830282,,,,,,,
27,,1.22923775,1.381506753,1.444357078,1.954527706,,0.452745749,0.357215183,0.375553015,0.420529503,0.241896758,,0.385442072,0.316460489,0.335519189,0.380287622,0.231552572,,,,,,,
28,,1.976060783,2.10426501,2.16901464,2.405310969,,0.463008394,0.411221445,0.45529401,0.424203742,0.344399242,,0.443584923,0.40646297,0.43483178,0.393687537,0.315542628,,,,,,,
29,,2.389135691,2.50745785,2.602447724,6.128918372,,0.311965455,0.26467525,0.311514723,0.0103883076,0.0488131948,,0.308378493,0.238065547,0.292381032,0.0242406489,0.0629966732,,,,,,,
30,,2.002431045,2.242095649,2.406318239,3.587477608,,0.387401382,0.283748582,0.323744131,0.280502825,0.0970853797,,0.372084249,0.270239291,0.31258981,0.272918434,0.108694304,,,,,,,
31,,2.173063557,2.310162638,2.491369581,2.964899226,,0.506502586,0.469951647,0.487344278,0.382992601,0.276639021,,0.456785282,0.424554433,0.433371387,0.366401554,0.269463502,,,,,,,
32,,4.078446713,4.422795011,4.557495355,9.373688553,,0.259264086,0.175671585,0.235686405,-0.0333082845,0.0605149167,,0.267748423,0.195477918,0.246948633,0.0857405227,0.067422944,,,,,,,
33,,2.88370255,2.922408974,2.877720525,8.680144734,,0.387159698,0.358966991,0.428165456,0.136030348,0.0139484611,,0.407900739,0.338851575,0.426998375,0.130494703,0.016482888,,,,,,,
34,,2.591121857,2.805696295,2.783875469,4.648470506,,0.264747167,0.180704171,0.314894245,0.0673778785,0.0767930561,,0.232290531,0.158880992,0.279771431,0.0830743639,0.0606269801,,,,,,,
35,,2.163074782,2.360708053,2.150512019,2.94635929,,0.265881648,0.186019039,0.35998776,0.00018732321,0.00524294648,,0.233232865,0.133640236,0.317876195,0.00706471801,0.00350487466,,,,,,,
36,,0.948141169,1.064436493,1.088753981,3.491793699,,0.318664327,0.201504183,0.279514251,0.0867782522,0.124683095,,0.289182714,0.178419167,0.27541648,0.0374944021,0.139587252,,,,,,,
37,,0.511257479,0.574688778,0.599621702,1.176455325,,0.22070345,0.142189084,0.226002232,-0.0850782388,0.141503369,,0.224311092,0.150223533,0.234688536,-0.0801679465,0.177244227,,,,,,,
38,,0.641311262,0.680357526,0.732088049,1.12496043,,0.383486114,0.309726114,0.286076514,-0.27029251,0.161070674,,0.439938228,0.375089416,0.363262122,-0.253507606,0.144216704,,,,,,,
39,,2.411090467,2.531448924,2.819961697,3.606105067,,0.430228405,0.346018633,0.301189374,0.207573071,0.114992819,,0.427378912,0.346695867,0.257731623,0.22719482,0.0928012269,,,,,,,
40,,3.537027313,3.836054648,4.381352277,7.856846429,,0.380502994,0.30679423,0.266135756,0.284451435,0.106132811,,0.344795558,0.288658657,0.27104405,0.246564792,0.115999467,,,,,,,
41,,0.658656429,0.726725112,0.80576639,1.092440822,,0.18774632,0.104316798,0.172818536,-0.130474095,-0.0305353996,,0.239555328,0.113847961,0.172780072,-0.0699056347,-0.0164406035,,,,,,,
42,,1.339691374,1.478222262,1.586676309,1.727987759,,0.315985529,0.23790683,0.281862786,0.126201578,0.0771311292,,0.26675398,0.210711718,0.199793822,0.161882016,0.046861105,,,,,,,
43,,1.332520218,1.407532646,1.588442179,4.576723337,,0.363245356,0.317303796,0.266868903,0.0535559877,0.260992697,,0.379891058,0.334027298,0.276786698,0.0456336005,0.273565864,,,,,,,
44,,3.036466094,3.429552494,3.543370449,5.488953331,,0.372466275,0.210466309,0.272089162,0.156878131,-0.0702145007,,0.370298998,0.217578585,0.251468486,0.211445888,-0.0735030932,,,,,,,
45,,0.473311257,0.521952378,0.589921186,0.958473629,,0.183411545,0.120338752,0.107986566,-0.159828083,-0.00458001214,,0.192219921,0.0972297198,0.148472231,-0.183298809,-0.000157624199,,,,,,,
46,,0.961932003,1.076813604,1.180328253,3.076799504,,0.574055223,0.507660359,0.490616487,0.473739194,0.38452986,,0.577092774,0.494038371,0.503663501,0.471019274,0.36351521,,,,,,,
47,,2.606185151,2.821658593,2.936596667,3.715234603,,0.234436069,0.159953143,0.229749418,0.046384645,0.129349178,,0.172504342,0.134917247,0.157812511,0.0798875707,0.116848353,,,,,,,
48,,0.934151575,1.001142392,1.055266435,1.170103611,,0.0591965023,0.0392806857,0.130922842,0.0221451597,0.0510330753,,0.0650523653,0.0503920171,0.14701031,0.0662422223,0.0427757765,,,,,,,
49,,0.558714464,0.631012814,0.694698429,0.868349107,,0.595803686,0.51620604,0.49259507,0.166710688,0.307371239,,0.526029023,0.450578646,0.473845902,0.204806063,0.268809263,,,,,,,
50,,1.313894622,1.413754051,1.588558813,2.45039035,,0.26726184,0.20710994,0.175206228,0.112817873,0.100388656,,0.234680811,0.166443482,0.132462913,0.105185557,0.108241095,,,,,,,
51,,2.186257539,2.582361659,2.451828963,2.855827145,,0.559712345,0.434074776,0.513861189,0.492063349,0.37163034,,0.552992128,0.426905311,0.510724272,0.435438275,0.340280466,,,,,,,
52,,1.131996197,1.250814196,1.268920744,2.552629058,,0.650957246,0.594459866,0.600624752,0.538801404,0.282594846,,0.601069399,0.553030659,0.534008191,0.526852454,0.291208138,,,,,,,
53,,2.56732503,2.866548818,2.980258257,3.61826808,,0.636732755,0.55677144,0.550395598,0.584892174,0.447289157,,0.610825761,0.526455251,0.548096503,0.544838403,0.399137204,,,,,,,
54,,0.888762049,0.99158292,1.075123658,1.489142484,,0.592865738,0.531748224,0.525069575,0.53163832,0.418667009,,0.56370637,0.507811623,0.495975395,0.509572632,0.408013702,,,,,,,
55,,2.016027596,2.204091084,2.155814797,4.102753208,,0.642218569,0.594188196,0.628502847,0.544432696,0.385838951,,0.598636752,0.555935215,0.588061422,0.500832857,0.351126837,,,,,,,
56,,2.607610338,2.939475045,2.981651416,4.084728645,,0.486645213,0.392056957,0.414895055,0.422367456,0.289368239,,0.408652704,0.333006979,0.373040954,0.330525379,0.222024886,,,,,,,
57,,2.226957728,2.633823076,2.568424328,3.947900086,,0.485125114,0.319649742,0.416779426,0.371313776,0.180359346,,0.401555242,0.269216006,0.384773968,0.349341598,0.141469707,,,,,,,
58,,2.389072158,2.560946322,2.850846432,3.265304092,,0.485134263,0.429098117,0.421146115,0.411991152,0.30154021,,0.434674259,0.394192586,0.392638557,0.355749976,0.266909083,,,,,,,
59,,2.925307021,3.434106494,3.235125181,9.040666078,,0.599741768,0.525936661,0.591912241,0.494024547,0.283305435,,0.496752422,0.45714092,0.525166202,0.416581546,0.247506247,,,,,,,
60,,2.308930695,2.615198216,2.972996675,2.801679122,,0.426131158,0.294735018,0.273667063,0.413845828,0.266878334,,0.406846658,0.295313026,0.266597741,0.41081056,0.267841804,,,,,,,
61,,0.850148452,0.929157845,0.932342642,2.843651547,,0.62850728,0.58113354,0.592333756,0.502734699,0.368111826,,0.577045134,0.533273154,0.579225278,0.50092032,0.388559706,,,,,,,
62,,0.497251703,0.543342511,0.598693099,2.455822264,,0.539606186,0.476666139,0.466960225,0.45475914,0.188750196,,0.468767335,0.422069221,0.418422595,0.379274581,0.171440291,,,,,,,
63,,3.162442599,3.394869056,3.609305027,9.649280087,,0.3315714,0.268871202,0.293379851,0.387120805,0.197394558,,0.310689793,0.251384367,0.299657321,0.319564474,0.195805975,,,,,,,
64,,1.057536052,1.238076494,1.345605348,1.677458604,,0.551995336,0.478327157,0.464795945,0.512016528,0.207688075,,0.410603652,0.329620071,0.368006678,0.351679029,0.162704722,,,,,,,
65,,1.130979,1.21226233,1.28515466,2.695761659,,0.47270542,0.418102116,0.424105354,0.311747817,0.187798091,,0.501793454,0.455595795,0.484306555,0.373347332,0.212387227,,,,,,,
66,,1.807360655,2.031651117,1.948966224,3.079971697,,0.496398495,0.349807638,0.425956482,-0.184364414,0.106330799,,0.418562134,0.275862294,0.386525212,-0.185001266,0.0941767902,,,,,,,
67,,1.732141511,1.953645852,2.052783421,2.83408352,,0.633466559,0.570822933,0.57968619,0.514676443,0.384065938,,0.594043652,0.547299545,0.57017652,0.504750438,0.395874991,,,,,,,
68,,0.635509298,0.752612008,0.654949669,3.273028132,,0.633910216,0.549468795,0.640087687,0.563040494,0.416724158,,0.558814766,0.437565577,0.558702394,0.486310544,0.360124701,,,,,,,
69,,0.855902563,0.980711081,0.896573994,1.581723057,,0.619389187,0.523779875,0.583121271,0.324949466,0.204559393,,0.578676324,0.505747658,0.529155115,0.463714177,0.256823538,,,,,,,
70,,0.694700781,0.775921291,0.847999696,1.268840889,,0.420994518,0.325869507,0.308237838,0.0326331514,0.0659306185,,0.370357599,0.277948155,0.287679554,-0.0163793159,0.0691793005,,,,,,,
71,,1.794237088,2.051706192,2.186810045,3.997422685,,0.495422948,0.409065128,0.429248155,0.488438235,0.319689711,,0.459721446,0.373635646,0.413356264,0.45050182,0.313568094,,,,,,,
72,,2.057732857,2.292617296,2.247040074,3.495204195,,0.640686292,0.581848992,0.61161568,0.590299053,0.448603472,,0.599823377,0.546917385,0.578864656,0.534001577,0.426907673,,,,,,,
73,,0.833021345,0.886232066,0.874845675,1.179950614,,0.594684519,0.54609853,0.55741936,0.57275839,0.358605533,,0.471088337,0.440408263,0.4938787,0.452350497,0.309443727,,,,,,,
74,,2.343803976,2.650974174,2.564122868,3.690159296,,0.614429277,0.535014858,0.56766575,0.452514151,0.287172404,,0.44633556,0.38897744,0.424473068,0.377498244,0.249449766,,,,,,,
75,,2.217159968,2.333869555,2.160958945,1611.954768,,0.645964764,0.606256924,0.643971965,0.482793394,0.321982482,,0.484843441,0.435078286,0.512093395,0.431334999,0.33511784,,,,,,,
76,,1.732220519,1.880194599,1.874618047,2.634003979,,0.447413981,0.371519067,0.443718288,0.151321994,0.175812557,,0.446566619,0.372033111,0.453134581,0.200958046,0.171847872,,,,,,,
77,,0.577371293,0.656040339,0.685939634,1.026870143,,0.461839765,0.370140786,0.42011856,0.353860503,0.228654707,,0.36846475,0.321190333,0.354703683,0.330173568,0.183359703,,,,,,,
78,,1.268516654,1.338380989,1.374667216,3.53615152,,0.593702737,0.565531658,0.569931993,0.552727272,0.332382261,,0.496565917,0.503672953,0.484882541,0.466648687,0.310364534,,,,,,,
79,,0.262558115,0.298779629,0.306519622,0.416301484,,0.546240975,0.457456244,0.484003953,0.092883078,0.18821903,,0.548878776,0.47827784,0.485137566,0.106935296,0.169521616,,,,,,,
80,,5.493122063,5.994989787,5.800019503,7.189025124,,0.378611382,0.281451235,0.361765065,0.0351930408,0.117740366,,0.345718666,0.2311781,0.302845924,0.0713504247,0.0758344513,,,,,,,
81,,1.983514206,2.17003268,2.086800067,3.472239324,,0.400550663,0.303211969,0.407586421,0.365552208,0.203595514,,0.397037947,0.299816568,0.406466673,0.343314114,0.189498483,,,,,,,
82,,0.595966304,0.649717489,0.70801672,0.902964936,,0.574231392,0.539958783,0.52354313,0.510799083,0.340118357,,0.504230861,0.453591075,0.480694245,0.404539331,0.325882006,,,,,,,
83,,2.473786486,2.612571432,2.746690109,3.485036952,,0.47045766,0.435136428,0.438131417,0.253654034,0.198913629,,0.498135654,0.467162189,0.466578285,0.287734395,0.228522527,,,,,,,
84,,2.906237695,3.036016302,2.910186456,4.185967511,,0.429593556,0.390741898,0.457652144,0.131682435,0.218016516,,0.435579706,0.397664582,0.439096324,0.130693003,0.210750882,,,,,,,
85,,3.399365615,3.889859169,3.553551395,4.54636743,,0.433647782,0.31241938,0.425225088,0.334392846,0.278677854,,0.501363211,0.385535905,0.448257319,0.402860171,0.335181813,,,,,,,
86,,1.94996415,2.073854532,2.305715228,6.100948902,,0.634249418,0.610001805,0.576104949,0.597748115,0.507697339,,0.50286516,0.493712315,0.461510406,0.519195675,0.443624665,,,,,,,
87,,2.70733488,2.963521409,2.920294232,5.159964177,,0.487405308,0.416490986,0.462888631,0.394744085,0.341340305,,0.499277584,0.460822847,0.470390655,0.415880138,0.35422118,,,,,,,
88,,0.913440891,0.925116899,0.8966538,2.525611292,,0.611910776,0.556827984,0.550473459,-0.274683968,0.170198986,,0.43669614,0.361350517,0.385853796,-0.303661395,0.198322128,,,,,,,
89,,1.046633926,1.140525011,1.212707657,2.461854456,,0.590706298,0.54579429,0.543975087,0.512048429,0.356102759,,0.488196408,0.447076385,0.476642151,0.420139732,0.310481334,,,,,,,
90,,0.902288681,0.962153718,0.915740694,1.544368759,,0.583016172,0.537914335,0.573228813,0.0398848882,0.106273411,,0.490037436,0.452231062,0.472612099,0.0323951892,0.136275549,,,,,,,
91,,3.038881436,3.284398623,3.471916526,4.782040873,,0.455196393,0.390320359,0.39470907,0.410162714,0.170514713,,0.474686804,0.40215176,0.413485321,0.429556998,0.155719083,,,,,,,
92,,3.149632039,3.663605213,3.622084792,4.204763045,,0.372852412,0.220204513,0.340613322,0.317636354,0.0738952467,,0.329849807,0.18072406,0.349944831,0.27648989,0.0689609781,,,,,,,
93,,0.720197982,0.79952705,0.827182135,1.296847436,,0.563425387,0.513035837,0.524339444,0.521599344,0.394773341,,0.467490516,0.407981719,0.446684107,0.438959294,0.341399513,,,,,,,
94,,1.256198576,1.431340961,1.557830683,4.10489904,,0.432558116,0.369085156,0.361156968,0.343800906,0.0869661022,,0.359636206,0.334989909,0.347897885,0.320037648,0.12485673,,,,,,,
95,,0.984881477,1.084020672,1.015624577,1.797175135,,0.338103586,0.252289347,0.390952679,0.268452818,-0.0442860873,,0.355939914,0.291457473,0.422495359,0.263683394,-0.0390776959,,,,,,,
96,,1.035795869,1.086195677,1.254514404,1.418268587,,0.583655108,0.566984393,0.532088482,0.55535782,0.362821648,,0.50313692,0.470139863,0.460415149,0.500376613,0.353800986,,,,,,,
97,,1.079398743,1.17587817,1.294279175,1.425164615,,0.310716906,0.262988318,0.293051496,0.253782126,0.112184588,,0.336951953,0.301828369,0.314120187,0.274637812,0.121935204,,,,,,,
98,,1.428094883,1.508867822,1.579746246,2.036411438,,0.532074398,0.487391581,0.489608328,0.415128691,0.26461493,,0.489580243,0.45577238,0.458012753,0.457828463,0.311947371,,,,,,,
99,,1.751032526,2.009136208,2.232200176,6.055178405,,0.374360536,0.291190168,0.307974561,0.372990224,0.148598779,,0.43321454,0.340955353,0.380572518,0.42198378,0.190818902,,,,,,,
100,,1.318163065,1.444757117,1.385351969,1.891402686,,0.505971439,0.454025954,0.546647216,0.410980913,0.321060905,,0.492364291,0.440408096,0.514812754,0.403343449,0.317225539,,,,,,,
101,,2.231586086,2.459471398,2.009102399,3.261065229,,0.576655424,0.50691871,0.632486353,0.521583548,0.420550891,,0.461464705,0.432011858,0.510857816,0.416050509,0.375412186,,,,,,,
102,,0.808934948,0.892916617,0.876336596,2.197342356,,0.643167388,0.566324569,0.587396273,0.551931079,0.218250808,,0.556469727,0.48733666,0.571381146,0.491796215,0.214152428,,,,,,,
103,,4.492020037,5.011530786,5.062016892,6.239821756,,0.436784043,0.368744229,0.417933381,0.400231522,0.279703915,,0.402898222,0.352064715,0.422067933,0.368350335,0.280867549,,,,,,,
104,,3.414460595,3.704840841,3.840291956,7.793604437,,0.399828169,0.363596911,0.403209713,0.325904731,0.305560681,,0.385852709,0.345974842,0.398953337,0.29814426,0.276421825,,,,,,,
105,,2.51712754,2.764416844,2.919193635,3.600439627,,0.613542427,0.569640651,0.579127704,0.588904938,0.380594789,,0.53918951,0.500398759,0.535335478,0.528889189,0.352749257,,,,,,,
106,,4.86357564,5.27407823,5.336013694,6.712453592,,0.500023334,0.436479442,0.46476876,0.493664559,0.39544663,,0.475928051,0.403536535,0.430993968,0.478617328,0.356639074,,,,,,,
107,,2.16003853,2.274667262,2.446567055,3.974022975,,0.547942684,0.530584458,0.517481621,0.51795667,0.350539205,,0.451458674,0.430411416,0.447659907,0.424706085,0.313992909,,,,,,,
108,,1.682586547,1.754952474,1.849832212,2.160755979,,0.319452871,0.299954409,0.319546741,0.29618818,0.128668147,,0.3371321,0.313748796,0.323956617,0.316334177,0.183907978,,,,,,,
109,,2.02588879,2.119342189,2.349267914,3.33636086,,0.551480373,0.535335183,0.509968389,0.465394668,0.39168875,,0.479716411,0.484847357,0.466844334,0.397254444,0.331697644,,,,,,,
110,,1.732756754,1.887443745,2.019957436,2.571787772,,0.572406178,0.519736975,0.520374686,0.553407901,0.306190031,,0.543247738,0.478509372,0.480279067,0.522936051,0.290644886,,,,,,,
111,,1.488520732,1.612143981,1.665940808,2.178453964,,0.503705268,0.415752483,0.449167064,0.287508499,0.105114186,,0.435791697,0.364464296,0.415754179,0.276096617,0.0974886363,,,,,,,
112,,1.28165101,1.451580299,1.421294107,2.024216472,,0.567224213,0.500169041,0.548388271,0.532412567,0.410315873,,0.488055423,0.429167352,0.513425574,0.466634162,0.349742441,,,,,,,
113,,1.226653304,1.361229207,1.496186787,1.820973434,,0.467326361,0.401073468,0.409687091,0.421819227,0.37338971,,0.435283889,0.380339487,0.408088111,0.423998548,0.364154911,,,,,,,
114,,0.544733009,0.588919875,0.564584493,2.765411516,,0.583911899,0.516476826,0.546161623,0.188542317,0.243259643,,0.570297882,0.494958679,0.571955205,0.322301632,0.229282169,,,,,,,
115,,2.454396022,2.760562181,2.86069483,3.453163887,,0.473596774,0.393786426,0.435483901,0.489172669,0.252533069,,0.469113804,0.37624203,0.436548839,0.45443355,0.219255392,,,,,,,
116,,3.636820978,3.763980433,3.863868382,5.116184478,,0.509468184,0.484093554,0.50650197,0.437905955,0.329737643,,0.466890806,0.472691364,0.500900652,0.388820158,0.335928389,,,,,,,
117,,1.17423397,1.250023988,1.29071321,2.717324504,,0.556431009,0.520471001,0.540782977,0.505699084,0.422902456,,0.460437415,0.419445461,0.451173232,0.40714171,0.347714357,,,,,,,
118,,1.135581945,1.317063554,1.253684846,1.489798484,,0.610587692,0.526070298,0.585513037,0.590401014,0.496195171,,0.579630521,0.487259605,0.553492195,0.520102355,0.472168391,,,,,,,
119,,2.280206281,2.542613828,2.643241944,2.603490249,,0.420721368,0.349350557,0.398485104,0.440636827,0.318292402,,0.412010127,0.333034126,0.39999721,0.427715356,0.300484032,,,,,,,
120,,0.54631564,0.604561955,0.61851961,1.282825744,,0.549910951,0.49071989,0.528678233,0.459089068,0.392785365,,0.45970154,0.415554828,0.471091548,0.377957787,0.296311636,,,,,,,
121,,0.885845576,0.950931579,0.910843534,2.649784321,,0.613617369,0.567191081,0.590099339,0.515957544,0.406669488,,0.604738238,0.531985514,0.616674051,0.48214765,0.389858925,,,,,,,
122,,0.324458638,0.374626096,0.346739286,0.427583828,,0.499065819,0.393857606,0.502546878,0.423053883,0.366194193,,0.51094789,0.422422909,0.503594219,0.455809633,0.382911814,,,,,,,
123,,3.965292314,4.232129802,4.41293652,9.77567696,,0.501155988,0.451034225,0.484554321,0.507912527,0.256626211,,0.442275057,0.410758996,0.469481032,0.46359319,0.231932358,,,,,,,
124,,0.611610832,0.681895362,0.670379148,1.286110013,,0.558171842,0.500864027,0.542093199,0.477012571,0.362564955,,0.52790201,0.477595106,0.528091057,0.447777395,0.347361358,,,,,,,
125,,5.305242636,6.03541224,5.864510816,8.826824216,,0.518659338,0.42542339,0.499614329,0.44544736,0.301463275,,0.552464623,0.44809838,0.525366159,0.450710688,0.324422822,,,,,,,
126,,1.166811143,1.340108142,1.348308648,3.338332575,,0.579536114,0.469016007,0.511966393,0.373507078,0.184509274,,0.567269935,0.464071856,0.491948976,0.386123622,0.170157104,,,,,,,
127,,1.625453288,1.901479025,1.933477476,2.231430279,,0.429608254,0.31980387,0.394854496,0.0490836624,0.0581574971,,0.418017419,0.303381342,0.387088279,0.0293914874,0.0565637556,,,,,,,
128,,1.142578961,1.368534389,1.402796935,2.010584661,,0.395750192,0.211504587,0.325161927,0.0530419078,0.0488511696,,0.39579614,0.207103545,0.327121406,0.113310677,0.0465194891,,,,,,,
129,,2.103598671,2.389509582,2.440633357,4.136016871,,0.414697571,0.309510987,0.380025157,0.191631088,0.217745941,,0.409919121,0.296470428,0.377800178,0.191477668,0.214672683,,,,,,,
130,,1.463720198,1.762551246,1.700624301,2.799975357,,0.569156697,0.44384445,0.535264333,0.393890641,0.286724016,,0.582821372,0.459703837,0.562376726,0.467393671,0.281413194,,,,,,,
131,,1.75502865,1.981162848,2.107307047,4.316144528,,0.651685083,0.588521832,0.581612664,0.602030394,0.579506689,,0.532047397,0.49868993,0.475830321,0.521389956,0.474273801,,,,,,,
132,,1.393717914,1.587899178,1.557632845,3.175873203,,0.390323987,0.3131946,0.378065757,0.307644991,0.0581784512,,0.38397787,0.314119153,0.377118347,0.310995903,0.0314047097,,,,,,,
133,,0.873597573,0.928676635,0.931261502,1.409850943,,0.518716342,0.468350257,0.502199378,0.305411822,0.200683644,,0.425717394,0.4250246,0.405418357,0.205808754,0.175532996,,,,,,,
134,,2.528399746,2.735984058,2.720416015,6.149279859,,0.605858312,0.558774271,0.574683056,0.545244318,0.347935249,,0.497905217,0.476701121,0.469478528,0.493608968,0.336681948,,,,,,,
135,,0.807919325,0.87991535,0.920308088,1.266788894,,0.515675513,0.475140535,0.513998278,0.00237864644,0.356653169,,0.508934657,0.479437043,0.514228479,0.0269332874,0.34197123,,,,,,,
136,,1.802088779,1.561989703,1.461401094,2.500725067,,0.556370983,0.607731965,0.6259096,-0.17279709,0.224769021,,0.40737785,0.381615967,0.409654679,-0.235117481,0.150846168,,,,,,,
137,,1.842833515,1.983115512,1.801071396,2.928277447,,0.691283663,0.641473192,0.696855696,0.46873731,0.45628351,,0.685028864,0.630600451,0.681709824,0.514138943,0.459874914,,,,,,,
138,,1.583062794,1.699446503,1.650232017,2.85843592,,0.597644676,0.523911485,0.565992447,0.34478474,0.206952566,,0.604196785,0.501861927,0.559703129,0.429068706,0.22231184,,,,,,,
139,,1.93769706,2.234708991,2.274710217,2.948893615,,0.384023621,0.289396247,0.380407395,0.19608708,0.135496264,,0.345464834,0.280816149,0.353191541,0.202997865,0.109384204,,,,,,,
140,,0.737297073,0.823587826,0.86165676,3.784494949,,0.442042603,0.343532281,0.384656713,-0.0525104579,0.149376368,,0.424456602,0.278109328,0.3426679,0.0256458169,0.128523177,,,,,,,
141,,0.495029446,0.54370249,0.612802256,1.226623697,,0.321291379,0.23748166,0.242751018,-0.20269848,0.122554617,,0.349536071,0.248445642,0.243794165,-0.237469823,0.127183352,,,,,,,
142,,1.546418263,1.717905342,1.511213058,5.957523857,,0.479818823,0.35023418,0.49537,0.286792378,0.0692611686,,0.492076295,0.34270075,0.473222469,0.241958573,0.0686464335,,,,,,,
143,,0.459876215,0.504736146,0.540871397,0.974386925,,0.50583991,0.411087339,0.412736398,0.171074944,0.217039279,,0.46271861,0.401524603,0.402835066,0.158378201,0.203879664,,,,,,,
144,,1.278483106,1.384891663,1.386968417,1.885356129,,0.378421713,0.321149384,0.416855149,-0.11602391,0.187261836,,0.354857961,0.296582427,0.369796242,-0.0800953592,0.156463548,,,,,,,
145,,1.828296502,2.005498939,1.742652559,3.75552274,,0.509626928,0.412363369,0.549786574,0.245380268,0.171364313,,0.456010641,0.375643145,0.495694023,0.180773999,0.16800661,,,,,,,
146,,1.195136782,1.30438067,1.433987598,2.013668708,,0.156964023,0.126426925,0.156786155,-0.0700819421,-0.0489469606,,0.175925991,0.141620462,0.151740983,-0.0211757381,-0.0447491449,,,,,,,
147,,1.693897234,1.936538389,1.867618917,2.069202659,,0.430125813,0.337390726,0.433510172,0.275225336,0.189159543,,0.417642439,0.328820213,0.409303498,0.261149356,0.174321519,,,,,,,
148,,1.92640615,2.094874943,2.252779524,3.36182737,,0.630907858,0.58463791,0.570143214,0.485597456,0.431121824,,0.621302433,0.5793402,0.554635767,0.489226004,0.438902821,,,,,,,
149,,0.783972173,0.82489979,0.846251838,1.148510121,,0.44341875,0.389503283,0.393513255,0.293425791,0.18647776,,0.450371796,0.414550626,0.43832528,0.294730081,0.194322792,,,,,,,
150,,0.773979288,0.826595412,0.897446972,1.214035754,,0.126963687,0.0991710353,0.162732356,-0.0736460388,0.0450578624,,0.133330348,0.115031348,0.146499912,-0.056580833,0.0417629497,,,,,,,
151,,0.91943936,1.039619046,0.958782671,1.083168557,,0.431287832,0.290288961,0.417287399,0.385559275,0.172790536,,0.415437418,0.265650313,0.39789098,0.3640153,0.140569302,,,,,,,
152,,2.48886582,2.885212035,2.704601863,3.191639745,,0.455257064,0.326537186,0.445885457,0.286303825,0.152313417,,0.40494396,0.281520148,0.414595883,0.294443244,0.135646915,,,,,,,
153,,2.061711861,2.345683477,2.307401496,3.443774144,,0.499137688,0.386807843,0.441488402,0.338360392,0.13098161,,0.47973583,0.32830036,0.407677885,0.315211933,0.14871543,,,,,,,
154,,0.608023965,0.691763121,0.634555917,1.613283617,,0.503912189,0.376281655,0.500729852,0.475141869,0.357804393,,0.488387029,0.371806875,0.50380679,0.446059923,0.323939189,,,,,,,
155,,0.990828676,1.174867138,1.270673068,2.573303172,,0.543318,0.436031838,0.448020926,0.216120944,0.0257880699,,0.420968581,0.305616022,0.350173695,0.102909467,0.000371148055,,,,,,,
156,,1.210174449,1.290039886,1.45217928,4.997232104,,0.356706738,0.320994028,0.340858571,0.074121621,0.0959578276,,0.367955428,0.312085955,0.3374314,0.103110377,0.0915314597,,,,,,,
157,,0.674384056,0.756307595,0.804434568,1.949699612,,0.304140551,0.210748313,0.269460943,-0.0211981541,0.0562550825,,0.271736561,0.185379786,0.235959752,-0.0120157356,0.052974924,,,,,,,
158,,0.507265765,0.568631839,0.592370163,0.575328829,,0.360597032,0.227988009,0.263429743,0.10018461,0.163895432,,0.38302562,0.272700725,0.271129764,0.0962479508,0.1553277,,,,,,,
159,,0.784189876,0.851075976,0.95013141,1.261641433,,0.177158297,0.102652971,0.147311257,-0.0661225027,-0.0567690621,,0.15253487,0.112528257,0.122317454,-0.0386183101,-0.0586981009,,,,,,,
160,,0.580436162,0.646442815,0.66976572,0.952911184,,0.223524193,0.140436882,0.240889623,-0.0785868023,0.0448219802,,0.242366771,0.154402896,0.242754142,-0.0715569488,0.0380803105,,,,,,,
161,,1.171144553,1.338000687,1.265385017,2.79157463,,0.586062985,0.507560508,0.57160329,0.373519776,0.195125865,,0.523081803,0.452150321,0.512289148,0.388140021,0.206821914,,,,,,,
162,,1.163247414,1.255892288,1.222286786,2.185214982,,0.304757775,0.225751448,0.322583019,0.0504064818,0.142842525,,0.40989476,0.264020749,0.385459024,0.0447813106,0.181615166,,,,,,,
163,,1.401107494,1.436999426,1.694611065,2.249634464,,0.286674729,0.289929084,0.262842169,0.0237966772,0.0586201922,,0.276317026,0.269948165,0.255332927,0.0400508949,0.0546722546,,,,,,,
164,,0.959006748,1.032967142,1.090372103,1.842475648,,0.218637413,0.201096466,0.269658973,0.0822748,-0.0883228764,,0.19764741,0.164734289,0.261525643,0.0522107777,-0.0777571279,,,,,,,
165,,1.710068595,1.891898993,1.937129849,3.97603646,,0.19238863,0.126861851,0.223439548,0.0626293038,0.00287096081,,0.161976132,0.114501344,0.201455544,0.0548235735,-0.00575940258,,,,,,,
166,,1.638312788,1.69203009,1.924938931,4.032887279,,0.487803123,0.461213951,0.447569729,0.357059823,0.189525018,,0.469136115,0.451412475,0.425218878,0.338439773,0.186775224,,,,,,,
167,,1.613344776,1.65513975,1.876951224,5.425226083,,0.294423046,0.282248758,0.240018245,0.200317404,0.0294169358,,0.281025845,0.278021204,0.225412265,0.201145819,0.0343521551,,,,,,,
168,,1.295482354,1.454075552,1.522604679,1.72948979,,0.323877888,0.207486089,0.292373242,0.0636234867,0.0737529032,,0.290053489,0.190443901,0.262586607,0.0968304727,0.0747253312,,,,,,,
169,,1.057672801,1.127968036,1.237584901,3.725837601,,0.331924297,0.297778195,0.290690559,0.171644745,0.0852636169,,0.293383069,0.277911862,0.297836499,0.157573583,0.0595108061,,,,,,,
170,,2.715635016,2.904632729,2.94086339,5.6673505,,0.606180861,0.554425698,0.570828226,0.416724483,0.29666083,,0.587930895,0.539437079,0.542019539,0.446359585,0.316574115,,,,,,,
171,,0.971900377,1.086302318,1.081211909,2.820086493,,0.544177777,0.453445938,0.505941192,-0.0857541546,0.152448763,,0.44308189,0.346433726,0.376285906,-0.200380229,0.183690867,,,,,,,
172,,2.098739314,2.304411107,2.18316163,4.942140993,,0.635562116,0.56641152,0.623679877,0.367814454,0.325262155,,0.620844651,0.548466927,0.595346523,0.426137042,0.339789897,,,,,,,
173,,0.475121547,0.526072376,0.530448011,0.901563999,,0.263605628,0.152533197,0.302935975,-0.0563427637,0.0510534161,,0.278449046,0.172598498,0.321252279,-0.0160441196,0.0764160555,,,,,,,
174,,0.668671868,0.699575502,0.776692386,0.917479132,,0.286394621,0.26466661,0.291125589,0.0653433795,0.176739234,,0.28918319,0.263706088,0.292850892,0.0614276894,0.191427579,,,,,,,
175,,1.230796744,1.195306262,1.196174441,2.384910348,,0.309404118,0.349625754,0.382428856,0.214941702,0.117101646,,0.358423792,0.346100021,0.419852928,0.225182216,0.122016441,,,,,,,
176,,0.76669952,0.845791873,0.972799672,1.603793686,,0.231249705,0.159811614,0.110902315,-0.194586921,0.0378560025,,0.239605254,0.170806369,0.143189522,-0.188174481,0.0541382346,,,,,,,
177,,0.8077856,0.894759093,0.963951031,1.065891605,,0.306302396,0.208311181,0.25963405,0.0758594341,0.00203277954,,0.27898171,0.21180004,0.243241422,0.0984496347,0.0147894149,,,,,,,
178,,1.160631138,1.284019484,1.227344371,2.106962597,,0.484157665,0.361637652,0.455092783,0.178643577,0.0515198774,,0.466188049,0.346870526,0.403186127,0.19280357,0.078941069,,,,,,,
179,,0.879028657,1.003142021,0.975381262,1.618233881,,0.389024598,0.242058757,0.356977757,-0.0889622019,0.100654198,,0.368354832,0.234934936,0.349045246,-0.0381685128,0.0663864765,,,,,,,
180,,0.754099945,0.809908299,0.804358183,1.044483939,,0.308618726,0.275263068,0.372022639,0.0887376127,0.0699083385,,0.274645922,0.262666294,0.326133499,0.0944826684,0.0614971982,,,,,,,
181,,0.739001056,0.788111498,0.839726183,1.958721839,,0.329038578,0.278559587,0.328403552,0.300411733,0.11645898,,0.371122672,0.302559974,0.360965877,0.317917078,0.126361934,,,,,,,
182,,0.41354038,0.494313441,0.489082291,1.109823517,,0.442071104,0.322103063,0.401027342,0.117845518,0.0484770792,,0.444198219,0.31852663,0.403105036,0.143218031,0.0658294524,,,,,,,
183,,1.066278803,1.219034237,1.174459532,1.215900821,,0.373781333,0.218873597,0.341871737,0.090183397,0.207588082,,0.357424727,0.195788086,0.31269084,0.0810767267,0.190976363,,,,,,,
184,,0.420974331,0.469624833,0.542105555,1.02069865,,0.228347733,0.157346692,0.195351012,-0.206701224,0.00925412446,,0.263067813,0.179363784,0.231390231,-0.24760739,0.0423716165,,,,,,,
185,,1.502675447,1.651724884,1.738208798,2.244625011,,0.446482227,0.315612454,0.329944581,0.0289094384,0.0502358829,,0.416471061,0.289863428,0.308697378,0.0620863181,0.0740016744,,,,,,,
186,,1.323414092,1.436649579,1.386723311,2.833423683,,0.585396955,0.519376505,0.602045353,0.229587841,0.0913620904,,0.565607161,0.483736151,0.556241104,0.241398489,0.0632959131,,,,,,,
187,,0.738704404,0.808830245,0.812313806,1.875324719,,0.418211998,0.310363967,0.386119661,0.180879323,0.0770319122,,0.429139038,0.327436188,0.379688862,0.212399658,0.0695906407,,,,,,,
188,,7.517584373,7.906783412,7.733951005,10.38323124,,0.53054238,0.487617519,0.526240161,0.405692109,0.407830483,,0.539202086,0.501950384,0.550999592,0.419833441,0.422699018,,,,,,,
189,,2.839488307,3.085244355,3.518163889,4.560223998,,0.463735114,0.39556343,0.364294679,0.121232765,0.188148497,,0.462424065,0.38478229,0.331294681,0.199354857,0.165890402,,,,,,,
190,,1.54149713,1.78287581,1.696405286,2.014111064,,0.334988531,0.167493939,0.344303911,-0.0470553863,0.00367805923,,0.330262451,0.162557976,0.351522243,0.00619895522,-0.0118448308,,,,,,,
191,,0.170541866,0.202194165,0.194245245,0.333937784,,0.577499644,0.489206118,0.548745478,0.516933227,0.370601195,,0.539207973,0.442706394,0.545973957,0.4655626,0.323935165,,,,,,,
192,,0.253771221,0.289587888,0.294687688,0.526759285,,0.437928989,0.330309307,0.361548886,0.219458728,0.148661821,,0.427816486,0.336448155,0.396369064,0.220655047,0.167546154,,,,,,,
193,,2.44920839,2.622651475,2.490032918,4.826595143,,0.47791536,0.386555932,0.466598652,0.0646250649,0.134877142,,0.450430798,0.367428571,0.461366666,0.0958165256,0.135223161,,,,,,,
194,,0.684099558,0.728405469,0.705910791,2.206257009,,0.312411221,0.256448647,0.385806452,0.129148274,0.042023399,,0.301358637,0.271723893,0.349879689,0.139710836,0.0470215303,,,,,,,
195,,3.859609061,4.430032363,3.491322424,8.827789731,,0.675062221,0.597912862,0.711459039,0.441081689,0.402630714,,0.670246533,0.59852447,0.712601071,0.469245726,0.419313963,,,,,,,
196,,2.140760123,2.516244052,2.374561024,5.82852507,,0.598750037,0.522261151,0.595760057,0.304167483,0.241410476,,0.502023768,0.39928646,0.46246913,0.133888585,0.233665656,,,,,,,
197,,0.480065779,0.523946859,0.443571701,0.941584954,,0.588900978,0.51012502,0.619276519,0.28732623,0.141861998,,0.543006995,0.464879794,0.567643797,0.301650869,0.0741510263,,,,,,,
198,,3.021258636,3.53088083,2.689844436,6.283581721,,0.595384081,0.458244355,0.638202139,0.392364994,0.210647922,,0.597054082,0.46491679,0.647410706,0.451378517,0.222435391,,,,,,,
199,,1.59761828,1.795526437,2.006339523,3.231556788,,0.641795074,0.568841704,0.529658847,0.301047484,0.100966655,,0.641194866,0.558681204,0.512082218,0.285136098,0.0913486544,,,,,,,
200,,0.245512884,0.281311274,0.278920373,0.358468543,,0.478760496,0.408409506,0.471650893,0.387618647,0.25358249,,0.460819121,0.393641125,0.482492997,0.349567401,0.257326836,,,,,,,
